horizon,model_name,test_rmse,test_mae
+1h,extra,0.017135853349475868,0.014545043651922504
+24h,extra,0.016879282794675696,0.014413267111301545
+3d,extra,0.017158317878331292,0.01431081723914291
+6h,extra,0.017120455045801175,0.01460535110300562
