{
  "do_best_model": "GradientBoostingRegressor",
  "nh3_best_model": "ExtraTreesRegressor",
  "validation_snapshots": {
    "do": {
      "train": {
        "rmse": 1.2458516751899624,
        "mae": 0.8507055196237243,
        "r2": 0.4985865963742636
      },
      "valid": {
        "rmse": 1.5330720987422948,
        "mae": 1.0177756383372034,
        "r2": 0.2182993077008798
      }
    },
    "nh3": {
      "train": {
        "rmse": 0.021765003810601962,
        "mae": 0.0017419036998087294,
        "r2": 0.9644708575730134
      },
      "valid": {
        "rmse": 0.1020486484646132,
        "mae": 0.035922605490202375,
        "r2": 0.24734861966088217
      }
    }
  }
}