model,cv_macro_AP,cv_macro_F1
gbrt,0.8404866664101562,0.781469367181563
rf_depth_limited,0.8337352429920156,0.7757599700685157
rf,0.8315550951403208,0.7760860126947398
dtree,0.739064196570211,0.7108252927585573
extra,0.7388425697314265,0.7634194266436052
knn,0.7073747914286739,0.6617747823490814
svm_rbf,0.671864318272991,0.6446278082001969
linear_svc,0.6380542408907245,0.6642275509444558
logreg_en,0.6311547601190131,0.6525007969234758
gnb,0.6259016791690373,0.51689316338889
