model,rmse,mae,r2
etr,0.10205,0.03599,0.24733
gbr,0.10209,0.03436,0.24668
rf,0.10418,0.03625,0.21555
knn,0.10594,0.03557,0.1889
svr,0.11227,0.07796,0.08909
lasso,0.1177,0.04415,-0.0013
enet,0.11771,0.04426,-0.00134
ridge,0.11771,0.0443,-0.00142
